,pcap,user,lang,msg_lev_dist_mean,msg_lev_dist_std,msg_periodicity,msg_frequency,username_spec_chars,msg_spec_chars_mean,word_entropy,active_channels,nick_changes_count,network_info-num_services,network_info-num_users,malicious
0,34,AmpAttacks!AmpAttacks@Summit.gov.GoV,English,27.75862068965517,10.587962713352464,0.06628087736214516,0.00027468256538708415,0.1111111111111111,0.5107438016528926,5.813448127761169,1,1,0,1,1
1,34,Spoof!Spoof@Summit.gov.GoV,English,61.43676395289299,27.790106801172513,0.02511794489522423,0.0005073065140084025,0.15384615384615385,0.2663133487909904,6.9392105777368815,1,1,0,1,1
2,34,Tragedy!Erradic@Summit.gov.GoV,English,37.648809523809526,24.297239183003896,0.02409992705146702,0.00488318942421363,0.13333333333333333,0.14285714285714285,7.647896330669115,1,1,0,1,1
3,34,Entity!Entity@Summit.gov.GoV,English,32.75,10.47848324477885,0.29289321881345254,0.0003517848359472169,0.14285714285714285,0.5829383886255924,4.827368167875316,1,1,0,1,1
4,34,shadoh!shadoh@Summit.gov.GoV,English,27.333333333333332,11.53352600995126,0.29289321881345254,0.0004808604731582952,0.14285714285714285,0.6859504132231405,3.981076011914607,1,1,0,1,1
5,34,Exitus!Exitus@42A54BCD.E35FF7D8.6F7158D4.IP,English,23.642857142857142,9.083793597525705,0.18350341907227408,0.0005344629036513448,0.4418604651162791,0.7441860465116279,4.117389258694716,1,1,0,1,1
6,42,Bots!Bots@MoneyZ.gov.GoV,Unidentified,,,,,0.16666666666666666,0.0,-0.0,1,1,0,233,1
7,51,X!x@localhost,English,24.053366834170856,12.895863004633576,0.003067919628491622,0.0022725717671651874,0.15384615384615385,0.5693166677241291,4.577515563873664,3,1,0,1,1
8,51,X!godzila@localhost,English,31.38240478606912,27.402962479618786,0.0053047358860349725,0.009543139650192463,0.10526315789473684,0.5366607055763291,5.148898687797425,3,1,0,1,1
9,51,A!root@localhost,English,,,,,0.125,0.3103448275862069,2.0,1,1,0,1,1
10,56,b4sh!b4sh@b33r-4A93A479.hostserv.eu,Portuguese,,,,,0.42857142857142855,0.2727272727272727,2.0,1,1,0,2,1
11,56,b4sh!b4sh@B25E59F3.31BF1404.6C4C5B6C.IP,Portuguese,17.097308488612835,19.944728310326607,,9.231921256432897e-05,0.5641025641025641,0.29246935201401053,5.144265350331489,2,1,0,2,1
12,56,Hades!redcommand@78A6F151.5AC25F73.CF9E86AF.IP,Portuguese,20.687878787878788,9.378492187045811,,,0.41304347826086957,0.12889518413597734,6.5233674409663625,2,1,0,2,1
13,56,thc!redcommand@78A6F151.5AC25F73.CF9E86AF.IP,English,20.20952380952381,10.163140907543099,,,0.4318181818181818,0.4882154882154882,3.818086635038088,1,1,0,2,1
14,56,sb|191!P9V@b33r-3DB74C2C.ip-79-137-25.eu,English,53.667391304347824,26.53886331148179,,,0.65,0.1075874333135744,5.418719317203356,1,1,0,2,1
15,56,b4sh!b4sh@1F0B5DD7.CDEDE876.871C443B.IP,English,2.868542713567839,1.5263532218078781,1.0,0.0015368372126472643,0.5128205128205128,0.37079239361900845,4.730159068454723,2,1,0,2,1
16,62,porn-6288!porn@Random-618E1BEC.caratnetworks.com,English,,,,,0.2916666666666667,0.2222222222222222,2.0,1,1,0,75,1
17,62,king!king@localhost,English,3.0,0.0,,,0.10526315789473684,0.42857142857142855,1.5,1,1,0,75,1
18,62,KING!king@localhost,English,15.945454545454545,8.828503799559865,,,0.10526315789473684,0.5159817351598174,3.5505276516484816,1,1,0,75,1
