,pcap,user_h,channels_join_count,lang,msg_lev_dist_mean,msg_lev_dist_std,msg_periodicity,msg_frequency,spec_chars_mean,word_entropy,active_channels,nick_changes_count,network_info-num_services,network_info-num_users,malicious
0,irc1,195.91.66.10,,,31.87390761548065,24.903305253936495,,,,,,,,,
1,irc1,195.113.136.240,,,40.04119367045064,29.4304192269042,,,,,,,,,
2,irc1,147.32.80.73,,,34.803859649122806,25.248709242977988,,,,,,,,,
3,irc1,80.79.26.115,,,31.87390761548065,24.903305253936495,,,,,,,,,
4,irc1,85.159.104.98,,,34.842058165548096,25.339884174797298,,,,,,,,,
5,irc1,95.173.215.222,,,41.88082788671024,29.79363961328167,,,,,,,,,
6,irc1,213.194.221.58,,,31.87390761548065,24.903305253936495,,,,,,,,,
7,irc1,147.232.22.70,,,31.87390761548065,24.903305253936495,,,,,,,,,
8,irc1,86.49.28.90,,,31.87390761548065,24.903305253936495,,,,,,,,,
9,irc1,91.146.127.127,,,31.87390761548065,24.903305253936495,,,,,,,,,
10,irc1,178.238.36.48,,,30.92324561403509,24.71243887357184,,,,,,,,,
11,irc1,195.113.34.166,,,31.87390761548065,24.903305253936495,,,,,,,,,
12,irc1,193.87.160.213,,,32.05898876404494,24.968495847395083,,,,,,,,,
13,irc1,91.187.63.226,,,31.200025062656643,21.651171401497333,,,,,,,,,
14,irc1,81.2.247.108,,,37.750238095238096,21.69781787865292,,,,,,,,,
15,irc1,46.28.109.234,,,31.164498746867167,21.66608046969205,,,,,,,,,
16,irc1,92.63.57.131,,,24.833333333333332,12.508885730640527,,,,,,,,,
17,irc1,77.48.29.70,,,49.09671679197995,55.240478096213465,,,,,,,,,
18,irc1,88.146.182.6,,,36.62916040100251,44.295370060751075,,,,,,,,,
19,irc1,212.111.2.182,,,42.61670426065163,37.53514996469893,,,,,,,,,
20,irc1,93.190.58.4,,,74.07232323232323,79.02247232899278,,,,,,,,,
21,irc1,109.238.220.130,,,58.34475806451613,40.09640716676998,,,,,,,,,
22,irc1,80.95.103.2,,,2.4,3.355321418013753,,,,,,,,,
23,irc1,109.238.208.130,,,40.05762711864407,34.62448803552886,,,,,,,,,
24,irc1,82.142.70.242,,,59.14967418546366,40.47135474668089,,,,,,,,,
25,irc1,213.108.160.85,,,63.645112781954886,47.63929024305429,,,,,,,,,
26,irc1,90.181.236.217,,,42.01757877280265,29.856032305139635,,,,,,,,,
27,irc1,92.62.229.4,,,49.57758145363408,57.7760601719062,,,,,,,,,
28,irc1,213.216.48.7,,,38.837968253968256,27.908128752662417,,,,,,,,,
29,irc1,95.82.149.69,,,26.428532559405042,16.465333820411775,,,,,,,,,
30,irc1,81.2.240.231,,,26.428532559405042,16.465333820411775,,,,,,,,,
31,irc1,82.99.170.12,,,26.490807133664276,16.501640930604122,,,,,,,,,
32,irc1,195.113.20.142,,,84.27186835012058,40.06486688063999,,,,,,,,,
33,irc1,93.93.32.9,,,53.07486215538847,41.53489199216181,,,,,,,,,
34,irc1,194.160.100.232,,,64.6401037590934,44.39212507070865,,,,,,,,,
35,irc1,176.62.225.29,,,23.15686274509804,18.022178655505694,,,,,,,,,
36,irc1,81.2.248.88,,,50.50505897478897,33.35521791980463,,,,,,,,,
37,irc1,77.78.111.24,,,66.74498746867168,56.145439772125364,,,,,,,,,
38,irc1,83.240.29.109,,,9.6,11.757550765359255,,,,,,,,,
39,irc1,83.240.50.145,,,1.3333333333333333,0.9428090415820634,,,,,,,,,
40,irc1,31.31.77.217,,,1.3333333333333333,0.9428090415820634,,,,,,,,,
41,irc1,91.146.121.3,,,61.59569892473118,37.42433201357162,,,,,,,,,
42,irc1,93.93.32.20,,,41.811578947368425,37.09485924922694,,,,,,,,,
43,irc1,212.79.110.115,,,65.41846153846154,29.574161759667547,,,,,,,,,
44,irc1,46.28.109.145,,,31.638536221060495,16.0163413453373,,,,,,,,,
45,irc1,62.182.234.231,,,76.35140207075065,54.277085322737214,,,,,,,,,
46,irc1,217.75.90.28,,,43.69619330945298,34.770098250319414,,,,,,,,,
47,irc1,88.81.72.240,,,26.197891251307077,16.52069582264312,,,,,,,,,
48,irc1,195.140.255.2,,,19.0,0.0,,,,,,,,,
49,irc1,195.113.20.16,,,70.20768136557611,35.81749372960916,,,,,,,,,
50,irc1,92.60.52.43,,,24.0,0.0,,,,,,,,,
51,irc1,87.236.195.161,,,130.72470238095238,29.99849706735842,,,,,,,,,
52,irc1,86.49.170.181,,,125.81512537289366,79.2350812701328,,,,,,,,,
53,irc1,77.78.111.10,,,132.4875,31.75354064903629,,,,,,,,,
54,irc1,85.248.227.163,,,30.25,25.789844346730195,,,,,,,,,
55,irc1,85.248.227.164,,,144.39421316699438,124.78025914305451,,,,,,,,,
56,irc1,85.248.227.165,,,0.0,0.0,,,,,,,,,
57,irc1,46.28.111.158,,,169.58847117794485,73.42441712396177,,,,,,,,,
58,irc1,109.74.157.45,,,48.833471177944865,56.89821188993311,,,,,,,,,
59,irc1,89.203.249.233,,,45.453696741854635,51.08375290535634,,,,,,,,,
60,irc1,80.87.219.73,,,175.3166917293233,66.04821723242544,,,,,,,,,
61,irc1,147.32.5.111,,,183.8582456140351,67.30582173950407,,,,,,,,,
62,irc1,77.78.111.75,,,175.23924812030074,67.21361937889611,,,,,,,,,
63,irc1,88.208.77.220,,,185.37937343358396,41.43601445413161,,,,,,,,,
64,irc1,91.221.110.5,,,51.37700158630391,33.19468634376838,,,,,,,,,
65,irc1,195.113.20.131,,,,,,,,,,,,,
